threshold	percent
1	49.7645798852
2	85.7872234988
5	98.4724249435
10	99.8583794017
