count,16.0
mean,2.56214812569
std,0.789643535126
min,1.65279858479
25%,1.90837435796
50%,2.36604368545
75%,2.95876655604
max,4.22779865511
