threshold	percent
1	37.1378129779
2	74.8815867851
5	99.0538399329
10	99.8633140018
