count,16.0
mean,2.32735961676
std,0.711491174987
min,1.38280419758
25%,1.83480885144
50%,2.24612809876
75%,2.7401602668
max,4.15134489324
